{"cameraMode":{"drawMode":0,"name":"Shaded","section":"Shading Mode"},"sceneLighting":false,"audioPlay":false,"sceneViewState":{"m_AlwaysRefresh":false,"showFog":true,"showSkybox":false,"showFlares":true,"showImageEffects":true,"showParticleSystems":true,"showVisualEffectGraphs":true,"m_FxEnabled":true},"in2DMode":false,"pivot":{"x":40.66299819946289,"y":7.8007001876831059,"z":-4.349999904632568},"rotation":{"x":0.03570966050028801,"y":0.12498877197504044,"z":-0.0045013427734375,"w":0.9915058612823486},"size":0.08660232275724411,"orthographic":false}