{"cameraMode":{"drawMode":0,"name":"Shaded","section":"Shading Mode"},"sceneLighting":true,"audioPlay":false,"sceneViewState":{"m_AlwaysRefresh":false,"showFog":true,"showSkybox":true,"showFlares":true,"showImageEffects":true,"showParticleSystems":true,"showVisualEffectGraphs":true,"m_FxEnabled":true},"in2DMode":false,"pivot":{"x":46.95244216918945,"y":2.012126922607422,"z":1.6988813877105713},"rotation":{"x":0.18575547635555268,"y":-0.41879719495773318,"z":0.08795132488012314,"w":0.8845178484916687},"size":29.32065200805664,"orthographic":false}