{"cameraMode":{"drawMode":0,"name":"Shaded","section":"Shading Mode"},"sceneLighting":true,"audioPlay":false,"sceneViewState":{"m_AlwaysRefresh":false,"showFog":true,"showSkybox":true,"showFlares":true,"showImageEffects":true,"showParticleSystems":true,"showVisualEffectGraphs":true,"m_FxEnabled":true},"in2DMode":false,"pivot":{"x":77.71244812011719,"y":2.0221269130706789,"z":-5.6471076011657719},"rotation":{"x":0.21145771443843842,"y":-0.48107948899269106,"z":0.12079203873872757,"w":0.8421745896339417},"size":135.6371307373047,"orthographic":false}